category,name,cik,accession,filing_date,primary_doc,content_type,ext,bytes,sniffed_kind
A,Apple,320193,0000320193-23-000106,2023-11-03,aapl-20230930.htm,text/html,htm,1558924,inline_xbrl
A,Microsoft,789019,0000950170-23-035122,2023-07-27,msft-20230630.htm,text/html,htm,9963591,inline_xbrl
A,NVIDIA,1045810,0001045810-24-000029,2024-02-21,nvda-20240128.htm,text/html,htm,2085566,inline_xbrl
B,Berkshire Hathaway,1067983,0001193125-26-083899,2026-03-02,brka-20251231.htm,text/html,htm,10396820,inline_xbrl
B,JPMorgan Chase,19617,0001628280-26-008131,2026-02-13,jpm-20251231.htm,text/html,htm,12927325,inline_xbrl
B,ExxonMobil,34088,0000034088-26-000045,2026-02-18,xom-20251231.htm,text/html,htm,5591068,inline_xbrl
C,IBM,51143,0001558370-20-001334,2020-02-25,ibm-20191231x10k2af531.htm,text/html,htm,1585261,inline_xbrl
C,General Electric,40545,0000040545-19-000014,2019-02-26,ge10-k2018.htm,text/html,htm,6977548,html
C,Coca-Cola,21344,0000021344-18-000008,2018-02-23,a2017123110-k.htm,text/html,htm,4669933,html
D,Palantir,1321655,0001321655-26-000011,2026-02-17,pltr-20251231.htm,text/html,htm,2192014,inline_xbrl
D,Reddit,1834584,0001834584-24-000023,2024-02-28,cpng-20231231.htm,text/html,htm,2126954,inline_xbrl
D,Rivian,1874178,0001874178-26-000008,2026-02-12,rivn-20251231.htm,text/html,htm,2225976,inline_xbrl
E,IBM,51143,0001558370-20-001334,2020-02-25,ibm-20191231x10k2af531.htm,text/html,htm,1585261,inline_xbrl
E,General Electric,40545,0000040545-19-000014,2019-02-26,ge10-k2018.htm,text/html,htm,6977548,html
E,Microsoft,789019,0001564590-20-034944,2020-07-30,msft-10k_20200630.htm,text/html,htm,6623045,inline_xbrl
